word,num_words
abdomen pain,2
abdominal colic,2
abdominal pain,2
ache,1
aches,1
achiness,1
aching,1
aching muscles,2
aching pain,2
achyness,1
acute abdomen,2
acute pain,2
after pains,2
agonizing pain,2
allodynia,1
anal pain,2
analgesia,1
angina,1
angina decubitus,2
angina pectoris,2
ankle pain,2
annoying pain,2
anorectal pain,2
antalgic gait,2
apin,1
appendicular pain,2
arm pain,2
arthralgia,1
arthritis,1
back ache,2
back aches,2
back pain,2
backache,1
backpain,1
bellyache,1
bladder pain,2
bodily pain,2
bone pain,2
boney pain,2
bony pain,2
breakthrough pain,2
breast pain,2
breastfeeding painful,2
breathing painful,2
burning pain,2
bursal pain,2
buttock pain,2
calf pain,2
central pain,2
cephalalgia,1
cephalalgia headache,2
cephalodynia,1
cephalodynias,1
cervical pain,2
cervical pains,2
cervicalgia,1
cheilodynia,1
chest pain,2
chest pains,2
chronic back pain,3
chronic pain,2
claudication,1
clavicle pain,2
coccyalgia,1
coccydynia,1
coccygalgia,1
coccygeal pain,2
coccygodynia,1
coccyodynia,1
coccyx pain,2
coccyxdynia,1
colicky pain,2
considerable pain,2
constant pain,2
continuous pain,2
costochondral pain,2
coxalgia,1
cramp,1
cramping,1
cramping pain,2
cramps,1
craniofacial pain,2
crushing pain,2
cryalgesia,1
crymodynia,1
cryoanalgesia,1
cutting pain,2
deep pain,2
deltoid pain,2
delusional pain,2
diaphragmatic pain,2
diffuse pain,2
discogenic pain,2
dolor,1
dorsalgia,1
dorsalgia unspecified,2
dull pain,2
dysaesthesia,1
dysesthesia,1
dysmenorrhea,1
dyspareunia,1
dysuria,1
ear ache,2
ear pain,2
earache,1
earaches,1
elbow pain,2
epididymal pain,2
epigastric pain,2
excruciating pain,2
exquisite pain,2
eye pain,2
facial pain,2
flank pain,2
foot pain,2
freezing pain,2
frequent headaches,2
gallbladder pain,2
gardner-diamond syndrome,2
gastrointestinal pain,2
general aches,2
general pain,2
generalised pain,2
genitourinary pain,2
girdle pain,2
glossodynia,1
gnawing pain,2
griping pain,2
growing pains,2
hand pain,2
head discomfort,2
head pain,2
head pains,2
headache,1
headaches,1
heartburn,1
heaviness,1
heavy pain,2
heel pain,2
hepatic pain,2
hip arthralgia,2
hip pain,2
hopscotch pain,2
hot pain,2
hunger pain,2
hurting pain,2
hurts,1
hyperalgesia,1
hypoalgesia,1
hypochondriacal pain,2
hypochondrial pain,2
hypogastric pain,2
incisional pain,2
inflammatory pain,2
inguinal pain,2
inguinodynia,1
instep pain,2
intercostal pain,2
intermitten pain,2
intermittent headache,2
intermittent pain,2
intraoperative pain,2
jaw pain,2
joint pain,2
kidney pain,2
killing pain,2
knee pain,2
labor pain,2
lbp,1
leg pain,2
liver pain,2
localised pain,2
localized pain,2
loin pain,2
low back pain,3
lumbago,1
mandibular pain,2
mastodynia,1
mastoid pain,2
maxillary pain,2
mechanical pain,2
meralgia,1
metatarsalgia,1
migratory pain,2
migratory pains,2
mild pain,2
minor pain,2
miserable pain,2
mittelschmerz,1
moderate pain,2
monitoring pain,2
muscle ache,2
muscle aches,2
muscle cramps,2
muscle discomfort,2
muscle pain,2
muscle soreness,2
muscular pain,2
musculoskeletal pain,2
myalgia,1
myofascial pain,2
neck aches,2
neck pain,2
neck-skull ache,2
neck-skull pain,2
neckache,1
neckaches,1
nerve pain,2
neuralgia,1
neuralgias,1
neurogenic pain,2
neuropathic pain,2
night pain,2
nuchal pain,2
obstetric pain,2
ocular pain,2
oral pain,2
otalgia,1
otogenic otalgia,2
ovarian pain,2
p ain,2
p ainful,2
p ains,2
pain,1
pain burning,2
pain character,2
pain crisis,2
pain crushing,2
pain disorder,2
pain education,2
pain fear avoidance,3
pain nos,2
pain observable,2
pain rehabilitation,2
pain relief,2
pain splitting,2
painful,1
painful cough,2
painful gait,2
painful hematuria,2
painful mouth,2
painful ophthalmoplegia,2
painful scar,2
painful teething,2
painha,1
painmae,1
painpt,1
pains,1
pancreatalgia,1
pancreatic pain,2
parasternal pain,2
parietal headache,2
part hurts,2
pelvic pains,2
penile pain,2
perianal pain,2
perineal pain,2
peritoneal pain,2
periumbilical pain,2
persistent pain,2
phantom pain,2
pharyngeal pain,2
pharyngolaryngeal pain,2
pian,1
pleural pain,2
pleuritic pain,2
point tenderness,2
post-episiotomy pain,2
post-herniorraphy pain,2
post-herpetic polyneuropathy,2
post-mastectomy pain,2
post-vasectomy pain,2
postchordotomy pain,2
postcordotomy pain,2
postherpetic neuralgia,2
postoperative pain,2
posttreatment pain,2
preauricular pain,2
precordial pain,2
pressing pain,2
preventing pain,2
pricking pain,2
proctalgia,1
progressive pain,2
prostate pain,2
prostatic pain,2
pseudothalamic pain,2
psychalgia,1
psychogenic backache,2
psychologic dyspareunia,2
psychroalgia,1
pulpalgia,1
pulsatile pain,2
radiating pain,2
radicular pain,2
rebound tenderness,2
rectal pain,2
recurrent headaches,2
recurrent pain,2
referred otalgia,2
referred pain,2
refractory pain,2
renal pain,2
rest pain,2
retrosternal burning,2
retrosternal pain,2
rheumatism,1
rib pain,2
sacral pain,2
sacroiliac pain,2
scalp pain,2
scapulalgia,1
scapulodynia,1
sciatica,1
sclerotomal pain,2
severe pain,2
sharp pain,2
shooting pain,2
shoulder pain,2
significant pain,2
sinus headache,2
sinus pain,2
skin-ache syndrome,2
skull pain,2
smarting pain,2
soarness,1
somatic pain,2
sore gums,2
sore nipple,2
sore pain,2
sore throats,2
soreness,1
sorethroat,1
spasms,1
splitting pain,2
spontaneous pain,2
sporadic pain,2
squeezing pain,2
stabbing pain,2
stomach ache,2
subcostal pain,2
superficial pain,2
suprapubic pain,2
suxamethonium pains,2
swallowing painful,2
talking painful,2
tearing pain,2
tenalgia,1
terrifying pain,2
testicular pain,2
thalamic pain,2
thalamic syndrome,2
thigh pain,2
thoracic pain,2
throat discomfort,2
throat soreness,2
throbbing pain,2
tightening pain,2
tingling pain,2
tmj pain,2
tooth ache,2
toothache,1
torturing pain,2
transient pain,2
treatment pain,2
troublesome pain,2
trunk pain,2
tumor pain,2
ulcer-type pain,2
umbilical pain,2
unbearable pain,2
uncontrolled pain,2
unspecified backache,2
ureteric pain,2
vaginal pain,2
vein pain,2
visceral pain,2
vulval pain,2
vulvodynia,1
vulvovaginal pain,2
wound pain,2
extreme pain,2
achy pain,2
terrible pain,2
intense pain,2
worst pain,2
unusual pain,2
horrible pain,2
weird pain,2
searing pain,2
intolerable pain,2
piercing pain,2
debilitating pain,2
electric shock,2
pins and needles,3
burning sensation,2
feels bruised,2
limited mobility,2
morning stiffness,2
sore,1
hurt,1
hurting,1
discomfort,1
burning,1
throbbing,1
stabbing,1
shooting,1
inflammation,1
inflamed,1
stiffness,1
tender,1
spasm,1
migraine,1
flare,1
flares,1
flare-up,1
flareup,1
agony,1
unbearable,1
excruciating,1
debilitating,1
torture,1
torment,1
intolerable,1
suffering,1
searing,1
piercing,1
twinge,1
neuropathy,1
neuropathic,1
tingling,1
numbness,1
zapping,1
hypersensitive,1
locking,1
tightness,1
tenderness,1
